[
  {
    "target_table": "STG.V_DESIGN_INVENTORY_FACT",
    "target_column": "INVENTORY_FACT_KEY",
    "column_description": "Key field",
    "source_table": "RAW.STG_INVENTORY_SNAPSHOT",
    "source_column": "PLANT_CD, MATERIAL_NUM, STORAGE_LOC, SNAPSHOT_DT",
    "transformation_logic": "MD5(CONCAT(ei.plant_cd, '|', ei.material_num, '|', ei.storage_loc, '|', ei.snapshot_dt))",
    "filters": "",
    "cte_chain": "FINAL_INVENTORY_FACT \u2192 ENRICHED_INVENTORY \u2192 CLEANSED_INVENTORY \u2192 RAW_INVENTORY"
  },
  {
    "target_table": "STG.V_DESIGN_INVENTORY_FACT",
    "target_column": "PLANT_KEY",
    "column_description": "Key field",
    "source_table": "DWH.DIM_PLANT",
    "source_column": "PLANT_KEY",
    "transformation_logic": "COALESCE(ei.plant_key, -1)",
    "filters": "",
    "cte_chain": "FINAL_INVENTORY_FACT \u2192 ENRICHED_INVENTORY"
  },
  {
    "target_table": "STG.V_DESIGN_INVENTORY_FACT",
    "target_column": "MATERIAL_KEY",
    "column_description": "Key field",
    "source_table": "DWH.DIM_MATERIAL",
    "source_column": "MATERIAL_KEY",
    "transformation_logic": "COALESCE(ei.material_key, -1)",
    "filters": "",
    "cte_chain": "FINAL_INVENTORY_FACT \u2192 ENRICHED_INVENTORY"
  },
  {
    "target_table": "STG.V_DESIGN_INVENTORY_FACT",
    "target_column": "LOCATION_KEY",
    "column_description": "Key field",
    "source_table": "DWH.DIM_LOCATION",
    "source_column": "LOCATION_KEY",
    "transformation_logic": "COALESCE(ei.location_key, -1)",
    "filters": "",
    "cte_chain": "FINAL_INVENTORY_FACT \u2192 ENRICHED_INVENTORY"
  },
  {
    "target_table": "STG.V_DESIGN_INVENTORY_FACT",
    "target_column": "SNAPSHOT_DATE_KEY",
    "column_description": "Key field",
    "source_table": "DWH.DIM_DATE",
    "source_column": "DATE_KEY",
    "transformation_logic": "COALESCE(ei.snapshot_date_key, -1)",
    "filters": "",
    "cte_chain": "FINAL_INVENTORY_FACT \u2192 ENRICHED_INVENTORY"
  },
  {
    "target_table": "STG.V_DESIGN_INVENTORY_FACT",
    "target_column": "PLANT_CD",
    "column_description": "Code field",
    "source_table": "RAW.STG_INVENTORY_SNAPSHOT",
    "source_column": "PLANT_CD",
    "transformation_logic": "ei.plant_cd",
    "filters": "",
    "cte_chain": "FINAL_INVENTORY_FACT \u2192 ENRICHED_INVENTORY \u2192 CLEANSED_INVENTORY \u2192 RAW_INVENTORY"
  },
  {
    "target_table": "STG.V_DESIGN_INVENTORY_FACT",
    "target_column": "MATERIAL_NUM",
    "column_description": "Number field",
    "source_table": "RAW.STG_INVENTORY_SNAPSHOT",
    "source_column": "MATERIAL_NUM",
    "transformation_logic": "ei.material_num",
    "filters": "",
    "cte_chain": "FINAL_INVENTORY_FACT \u2192 ENRICHED_INVENTORY \u2192 CLEANSED_INVENTORY \u2192 RAW_INVENTORY"
  },
  {
    "target_table": "STG.V_DESIGN_INVENTORY_FACT",
    "target_column": "STORAGE_LOC",
    "column_description": "",
    "source_table": "RAW.STG_INVENTORY_SNAPSHOT",
    "source_column": "STORAGE_LOC",
    "transformation_logic": "ei.storage_loc",
    "filters": "",
    "cte_chain": "FINAL_INVENTORY_FACT \u2192 ENRICHED_INVENTORY \u2192 CLEANSED_INVENTORY \u2192 RAW_INVENTORY"
  },
  {
    "target_table": "STG.V_DESIGN_INVENTORY_FACT",
    "target_column": "BATCH_NUM",
    "column_description": "Number field",
    "source_table": "RAW.STG_INVENTORY_SNAPSHOT",
    "source_column": "BATCH_NUM",
    "transformation_logic": "ei.batch_num",
    "filters": "",
    "cte_chain": "FINAL_INVENTORY_FACT \u2192 ENRICHED_INVENTORY \u2192 CLEANSED_INVENTORY \u2192 RAW_INVENTORY"
  },
  {
    "target_table": "STG.V_DESIGN_INVENTORY_FACT",
    "target_column": "UNRESTRICTED_QTY",
    "column_description": "Quantity field",
    "source_table": "RAW.STG_INVENTORY_SNAPSHOT",
    "source_column": "UNRESTRICTED_QTY",
    "transformation_logic": "ei.unrestricted_qty",
    "filters": "",
    "cte_chain": "FINAL_INVENTORY_FACT \u2192 ENRICHED_INVENTORY \u2192 CLEANSED_INVENTORY \u2192 RAW_INVENTORY"
  },
  {
    "target_table": "STG.V_DESIGN_INVENTORY_FACT",
    "target_column": "BLOCKED_QTY",
    "column_description": "Quantity field",
    "source_table": "RAW.STG_INVENTORY_SNAPSHOT",
    "source_column": "BLOCKED_QTY",
    "transformation_logic": "ei.blocked_qty",
    "filters": "",
    "cte_chain": "FINAL_INVENTORY_FACT \u2192 ENRICHED_INVENTORY \u2192 CLEANSED_INVENTORY \u2192 RAW_INVENTORY"
  },
  {
    "target_table": "STG.V_DESIGN_INVENTORY_FACT",
    "target_column": "QUALITY_QTY",
    "column_description": "Quantity field",
    "source_table": "RAW.STG_INVENTORY_SNAPSHOT",
    "source_column": "QUALITY_QTY",
    "transformation_logic": "ei.quality_qty",
    "filters": "",
    "cte_chain": "FINAL_INVENTORY_FACT \u2192 ENRICHED_INVENTORY \u2192 CLEANSED_INVENTORY \u2192 RAW_INVENTORY"
  },
  {
    "target_table": "STG.V_DESIGN_INVENTORY_FACT",
    "target_column": "TOTAL_QTY",
    "column_description": "Quantity field",
    "source_table": "RAW.STG_INVENTORY_SNAPSHOT",
    "source_column": "UNRESTRICTED_QTY, BLOCKED_QTY, QUALITY_QTY",
    "transformation_logic": "ei.total_qty",
    "filters": "",
    "cte_chain": "FINAL_INVENTORY_FACT \u2192 ENRICHED_INVENTORY \u2192 CLEANSED_INVENTORY \u2192 RAW_INVENTORY"
  },
  {
    "target_table": "STG.V_DESIGN_INVENTORY_FACT",
    "target_column": "UNIT_PRICE",
    "column_description": "",
    "source_table": "RAW.STG_INVENTORY_SNAPSHOT",
    "source_column": "VALUATION_PRICE",
    "transformation_logic": "ei.valuation_price",
    "filters": "",
    "cte_chain": "FINAL_INVENTORY_FACT \u2192 ENRICHED_INVENTORY \u2192 CLEANSED_INVENTORY \u2192 RAW_INVENTORY"
  },
  {
    "target_table": "STG.V_DESIGN_INVENTORY_FACT",
    "target_column": "INVENTORY_VALUE",
    "column_description": "",
    "source_table": "RAW.STG_INVENTORY_SNAPSHOT",
    "source_column": "UNRESTRICTED_QTY, BLOCKED_QTY, QUALITY_QTY, VALUATION_PRICE",
    "transformation_logic": "ei.inventory_value",
    "filters": "",
    "cte_chain": "FINAL_INVENTORY_FACT \u2192 ENRICHED_INVENTORY \u2192 CLEANSED_INVENTORY \u2192 RAW_INVENTORY"
  },
  {
    "target_table": "STG.V_DESIGN_INVENTORY_FACT",
    "target_column": "CURRENCY_CD",
    "column_description": "Code field",
    "source_table": "RAW.STG_INVENTORY_SNAPSHOT",
    "source_column": "CURRENCY_CD",
    "transformation_logic": "ei.currency_cd",
    "filters": "",
    "cte_chain": "FINAL_INVENTORY_FACT \u2192 ENRICHED_INVENTORY \u2192 CLEANSED_INVENTORY \u2192 RAW_INVENTORY"
  },
  {
    "target_table": "STG.V_DESIGN_INVENTORY_FACT",
    "target_column": "STOCK_STATUS",
    "column_description": "",
    "source_table": "RAW.STG_INVENTORY_SNAPSHOT, DWH.DIM_MATERIAL",
    "source_column": "UNRESTRICTED_QTY, BLOCKED_QTY, QUALITY_QTY, UNRESTRICTED_QTY, BLOCKED_QTY, QUALITY_QTY, MIN_STOCK_QTY, UNRESTRICTED_QTY, BLOCKED_QTY, QUALITY_QTY, MAX_STOCK_QTY",
    "transformation_logic": "ei.stock_status",
    "filters": "",
    "cte_chain": "FINAL_INVENTORY_FACT \u2192 ENRICHED_INVENTORY \u2192 CLEANSED_INVENTORY \u2192 RAW_INVENTORY"
  },
  {
    "target_table": "STG.V_DESIGN_INVENTORY_FACT",
    "target_column": "UNIT_OF_MEASURE",
    "column_description": "",
    "source_table": "RAW.STG_INVENTORY_SNAPSHOT",
    "source_column": "UNIT_OF_MEASURE",
    "transformation_logic": "ei.unit_of_measure",
    "filters": "",
    "cte_chain": "FINAL_INVENTORY_FACT \u2192 ENRICHED_INVENTORY \u2192 CLEANSED_INVENTORY \u2192 RAW_INVENTORY"
  },
  {
    "target_table": "STG.V_DESIGN_INVENTORY_FACT",
    "target_column": "SNAPSHOT_DATE",
    "column_description": "Date field",
    "source_table": "RAW.STG_INVENTORY_SNAPSHOT",
    "source_column": "SNAPSHOT_DT",
    "transformation_logic": "ei.snapshot_dt",
    "filters": "",
    "cte_chain": "FINAL_INVENTORY_FACT \u2192 ENRICHED_INVENTORY \u2192 CLEANSED_INVENTORY \u2192 RAW_INVENTORY"
  },
  {
    "target_table": "STG.V_DESIGN_INVENTORY_FACT",
    "target_column": "SOURCE_LOAD_TS",
    "column_description": "Timestamp field",
    "source_table": "RAW.STG_INVENTORY_SNAPSHOT",
    "source_column": "LOAD_TIMESTAMP",
    "transformation_logic": "ei.load_timestamp",
    "filters": "",
    "cte_chain": "FINAL_INVENTORY_FACT \u2192 ENRICHED_INVENTORY \u2192 CLEANSED_INVENTORY \u2192 RAW_INVENTORY"
  },
  {
    "target_table": "STG.V_DESIGN_INVENTORY_FACT",
    "target_column": "DWH_LOAD_TS",
    "column_description": "Timestamp field",
    "source_table": "",
    "source_column": "CURRENT_TIMESTAMP()",
    "transformation_logic": "Direct mapping",
    "filters": "",
    "cte_chain": "FINAL_INVENTORY_FACT"
  },
  {
    "target_table": "STG.V_DESIGN_INVENTORY_FACT",
    "target_column": "SOURCE_SYSTEM",
    "column_description": "",
    "source_table": "",
    "source_column": "'V_DESIGN_INVENTORY_FACT'",
    "transformation_logic": "Direct mapping",
    "filters": "",
    "cte_chain": "FINAL_INVENTORY_FACT"
  },
  {
    "target_table": "STG.V_DESIGN_DIM_MATERIAL",
    "target_column": "MATERIAL_KEY",
    "column_description": "Key field",
    "source_table": "RAW.STG_MM_MARA, RAW.STG_PLM_PRODUCTS",
    "source_column": "MATERIAL_NUM, PRODUCT_ID",
    "transformation_logic": "ROW_NUMBER() OVER (ORDER BY mm.material_num)",
    "filters": "",
    "cte_chain": "FINAL_DIM_MATERIAL \u2192 MERGED_MATERIALS \u2192 ERP_MATERIALS + PLM_PRODUCTS"
  },
  {
    "target_table": "STG.V_DESIGN_DIM_MATERIAL",
    "target_column": "MATERIAL_NUM",
    "column_description": "Number field",
    "source_table": "RAW.STG_MM_MARA, RAW.STG_PLM_PRODUCTS",
    "source_column": "MATERIAL_NUM, PRODUCT_ID",
    "transformation_logic": "LPAD(mm.material_num, 18, '0')",
    "filters": "",
    "cte_chain": "FINAL_DIM_MATERIAL \u2192 MERGED_MATERIALS \u2192 ERP_MATERIALS + PLM_PRODUCTS"
  },
  {
    "target_table": "STG.V_DESIGN_DIM_MATERIAL",
    "target_column": "MATERIAL_DESCRIPTION",
    "column_description": "",
    "source_table": "RAW.STG_MM_MARA, RAW.STG_PLM_PRODUCTS",
    "source_column": "MATERIAL_DESC, PRODUCT_NAME",
    "transformation_logic": "INITCAP(TRIM(mm.material_desc))",
    "filters": "",
    "cte_chain": "FINAL_DIM_MATERIAL \u2192 MERGED_MATERIALS \u2192 ERP_MATERIALS + PLM_PRODUCTS"
  },
  {
    "target_table": "STG.V_DESIGN_DIM_MATERIAL",
    "target_column": "MATERIAL_TYPE_CD",
    "column_description": "Code field",
    "source_table": "RAW.STG_MM_MARA, RAW.STG_PLM_PRODUCTS",
    "source_column": "MATERIAL_TYPE, CATEGORY",
    "transformation_logic": "UPPER(mm.material_type)",
    "filters": "",
    "cte_chain": "FINAL_DIM_MATERIAL \u2192 MERGED_MATERIALS \u2192 ERP_MATERIALS + PLM_PRODUCTS"
  },
  {
    "target_table": "STG.V_DESIGN_DIM_MATERIAL",
    "target_column": "MATERIAL_TYPE_NAME",
    "column_description": "Name field",
    "source_table": "REF.MATERIAL_TYPE",
    "source_column": "MATERIAL_TYPE_DESC",
    "transformation_logic": "mt.material_type_desc",
    "filters": "",
    "cte_chain": "FINAL_DIM_MATERIAL"
  },
  {
    "target_table": "STG.V_DESIGN_DIM_MATERIAL",
    "target_column": "MATERIAL_GROUP_CD",
    "column_description": "Code field",
    "source_table": "RAW.STG_MM_MARA, RAW.STG_PLM_PRODUCTS",
    "source_column": "MATERIAL_GROUP, FAMILY",
    "transformation_logic": "UPPER(mm.material_group)",
    "filters": "",
    "cte_chain": "FINAL_DIM_MATERIAL \u2192 MERGED_MATERIALS \u2192 ERP_MATERIALS + PLM_PRODUCTS"
  },
  {
    "target_table": "STG.V_DESIGN_DIM_MATERIAL",
    "target_column": "MATERIAL_GROUP_NAME",
    "column_description": "Name field",
    "source_table": "REF.MATERIAL_GROUP",
    "source_column": "MATERIAL_GROUP_DESC",
    "transformation_logic": "mg.material_group_desc",
    "filters": "",
    "cte_chain": "FINAL_DIM_MATERIAL"
  },
  {
    "target_table": "STG.V_DESIGN_DIM_MATERIAL",
    "target_column": "BASE_UNIT_OF_MEASURE",
    "column_description": "",
    "source_table": "RAW.STG_MM_MARA",
    "source_column": "BASE_UOM",
    "transformation_logic": "mm.base_uom",
    "filters": "",
    "cte_chain": "FINAL_DIM_MATERIAL \u2192 MERGED_MATERIALS \u2192 ERP_MATERIALS"
  },
  {
    "target_table": "STG.V_DESIGN_DIM_MATERIAL",
    "target_column": "GROSS_WEIGHT",
    "column_description": "",
    "source_table": "RAW.STG_MM_MARA",
    "source_column": "GROSS_WEIGHT",
    "transformation_logic": "mm.gross_weight",
    "filters": "",
    "cte_chain": "FINAL_DIM_MATERIAL \u2192 MERGED_MATERIALS \u2192 ERP_MATERIALS"
  },
  {
    "target_table": "STG.V_DESIGN_DIM_MATERIAL",
    "target_column": "NET_WEIGHT",
    "column_description": "",
    "source_table": "RAW.STG_MM_MARA",
    "source_column": "NET_WEIGHT",
    "transformation_logic": "mm.net_weight",
    "filters": "",
    "cte_chain": "FINAL_DIM_MATERIAL \u2192 MERGED_MATERIALS \u2192 ERP_MATERIALS"
  },
  {
    "target_table": "STG.V_DESIGN_DIM_MATERIAL",
    "target_column": "WEIGHT_UNIT",
    "column_description": "",
    "source_table": "RAW.STG_MM_MARA",
    "source_column": "WEIGHT_UNIT",
    "transformation_logic": "mm.weight_unit",
    "filters": "",
    "cte_chain": "FINAL_DIM_MATERIAL \u2192 MERGED_MATERIALS \u2192 ERP_MATERIALS"
  },
  {
    "target_table": "STG.V_DESIGN_DIM_MATERIAL",
    "target_column": "VOLUME",
    "column_description": "",
    "source_table": "RAW.STG_MM_MARA",
    "source_column": "VOLUME",
    "transformation_logic": "mm.volume",
    "filters": "",
    "cte_chain": "FINAL_DIM_MATERIAL \u2192 MERGED_MATERIALS \u2192 ERP_MATERIALS"
  },
  {
    "target_table": "STG.V_DESIGN_DIM_MATERIAL",
    "target_column": "VOLUME_UNIT",
    "column_description": "",
    "source_table": "RAW.STG_MM_MARA",
    "source_column": "VOLUME_UNIT",
    "transformation_logic": "mm.volume_unit",
    "filters": "",
    "cte_chain": "FINAL_DIM_MATERIAL \u2192 MERGED_MATERIALS \u2192 ERP_MATERIALS"
  },
  {
    "target_table": "STG.V_DESIGN_DIM_MATERIAL",
    "target_column": "MIN_STOCK_QTY",
    "column_description": "Quantity field",
    "source_table": "RAW.STG_PLM_PRODUCTS",
    "source_column": "SAFETY_STOCK_QTY",
    "transformation_logic": "mm.min_stock_qty",
    "filters": "",
    "cte_chain": "FINAL_DIM_MATERIAL \u2192 MERGED_MATERIALS \u2192 PLM_PRODUCTS"
  },
  {
    "target_table": "STG.V_DESIGN_DIM_MATERIAL",
    "target_column": "MAX_STOCK_QTY",
    "column_description": "Quantity field",
    "source_table": "RAW.STG_PLM_PRODUCTS",
    "source_column": "MAX_STOCK_QTY",
    "transformation_logic": "mm.max_stock_qty",
    "filters": "",
    "cte_chain": "FINAL_DIM_MATERIAL \u2192 MERGED_MATERIALS \u2192 PLM_PRODUCTS"
  },
  {
    "target_table": "STG.V_DESIGN_DIM_MATERIAL",
    "target_column": "LEAD_TIME_DAYS",
    "column_description": "",
    "source_table": "RAW.STG_PLM_PRODUCTS",
    "source_column": "LEAD_TIME_DAYS",
    "transformation_logic": "mm.lead_time_days",
    "filters": "",
    "cte_chain": "FINAL_DIM_MATERIAL \u2192 MERGED_MATERIALS \u2192 PLM_PRODUCTS"
  },
  {
    "target_table": "STG.V_DESIGN_DIM_MATERIAL",
    "target_column": "ABC_CLASSIFICATION",
    "column_description": "",
    "source_table": "RAW.STG_PLM_PRODUCTS",
    "source_column": "ABC_CLASS",
    "transformation_logic": "mm.abc_class",
    "filters": "",
    "cte_chain": "FINAL_DIM_MATERIAL \u2192 MERGED_MATERIALS \u2192 PLM_PRODUCTS"
  },
  {
    "target_table": "STG.V_DESIGN_DIM_MATERIAL",
    "target_column": "LIFECYCLE_STATUS",
    "column_description": "",
    "source_table": "RAW.STG_PLM_PRODUCTS",
    "source_column": "LIFECYCLE_STATUS",
    "transformation_logic": "mm.lifecycle_status",
    "filters": "",
    "cte_chain": "FINAL_DIM_MATERIAL \u2192 MERGED_MATERIALS \u2192 PLM_PRODUCTS"
  },
  {
    "target_table": "STG.V_DESIGN_DIM_MATERIAL",
    "target_column": "VALUE_CLASSIFICATION",
    "column_description": "Derived field (conditional logic)",
    "source_table": "RAW.STG_PLM_PRODUCTS",
    "source_column": "ABC_CLASS, ABC_CLASS",
    "transformation_logic": "CASE \n            WHEN mm.abc_class = 'A' THEN 'High'\n            WHEN mm.abc_class = 'B' THEN 'Medium'\n            ELSE 'Low'\n        END",
    "filters": "",
    "cte_chain": "FINAL_DIM_MATERIAL \u2192 MERGED_MATERIALS \u2192 PLM_PRODUCTS"
  },
  {
    "target_table": "STG.V_DESIGN_DIM_MATERIAL",
    "target_column": "LEAD_TIME_CATEGORY",
    "column_description": "Derived field (conditional logic)",
    "source_table": "RAW.STG_PLM_PRODUCTS",
    "source_column": "LEAD_TIME_DAYS, LEAD_TIME_DAYS",
    "transformation_logic": "CASE \n            WHEN mm.lead_time_days <= 7 THEN 'Fast'\n            WHEN mm.lead_time_days <= 30 THEN 'Standard'\n            ELSE 'Slow'\n        END",
    "filters": "",
    "cte_chain": "FINAL_DIM_MATERIAL \u2192 MERGED_MATERIALS \u2192 PLM_PRODUCTS"
  },
  {
    "target_table": "STG.V_DESIGN_DIM_MATERIAL",
    "target_column": "EFFECTIVE_START_DT",
    "column_description": "Date field",
    "source_table": "RAW.STG_MM_MARA",
    "source_column": "CHANGED_DATE",
    "transformation_logic": "mm.effective_from",
    "filters": "",
    "cte_chain": "FINAL_DIM_MATERIAL \u2192 MERGED_MATERIALS \u2192 ERP_MATERIALS"
  },
  {
    "target_table": "STG.V_DESIGN_DIM_MATERIAL",
    "target_column": "EFFECTIVE_END_DT",
    "column_description": "Date field",
    "source_table": "",
    "source_column": "TO_DATE('9999-12-31')",
    "transformation_logic": "Direct mapping",
    "filters": "",
    "cte_chain": "FINAL_DIM_MATERIAL"
  },
  {
    "target_table": "STG.V_DESIGN_DIM_MATERIAL",
    "target_column": "IS_CURRENT",
    "column_description": "",
    "source_table": "REF.MATERIAL_GROUP",
    "source_column": "TRUE",
    "transformation_logic": "Direct mapping",
    "filters": "",
    "cte_chain": "FINAL_DIM_MATERIAL"
  },
  {
    "target_table": "STG.V_DESIGN_DIM_MATERIAL",
    "target_column": "SOURCE_SYSTEMS",
    "column_description": "",
    "source_table": "",
    "source_column": "'ERP', 'PLM'",
    "transformation_logic": "mm.source_systems",
    "filters": "",
    "cte_chain": "FINAL_DIM_MATERIAL \u2192 MERGED_MATERIALS \u2192 ERP_MATERIALS + PLM_PRODUCTS"
  },
  {
    "target_table": "STG.V_DESIGN_DIM_MATERIAL",
    "target_column": "CREATED_TS",
    "column_description": "Timestamp field",
    "source_table": "",
    "source_column": "CURRENT_TIMESTAMP()",
    "transformation_logic": "Direct mapping",
    "filters": "",
    "cte_chain": "FINAL_DIM_MATERIAL"
  },
  {
    "target_table": "STG.V_DESIGN_DIM_MATERIAL",
    "target_column": "UPDATED_TS",
    "column_description": "Timestamp field",
    "source_table": "",
    "source_column": "CURRENT_TIMESTAMP()",
    "transformation_logic": "Direct mapping",
    "filters": "",
    "cte_chain": "FINAL_DIM_MATERIAL"
  },
  {
    "target_table": "STG.V_DESIGN_DIM_MATERIAL",
    "target_column": "ETL_SOURCE",
    "column_description": "",
    "source_table": "",
    "source_column": "'V_DESIGN_DIM_MATERIAL'",
    "transformation_logic": "Direct mapping",
    "filters": "",
    "cte_chain": "FINAL_DIM_MATERIAL"
  }
]